Gen,Fitness,KP_BALANCE,KD_BALANCE,KP_FORWARD,KD_FORWARD,KP_TURNING,KD_TURNING,IMPULSE_DURATION_SEC,IMPULSE_MAGNITUDE,TURNING_SPEED,KP_RECOVERY,KD_RECOVERY,KP_POSITION,TARGET_TILT,RECOVERY_THRESHOLD,LERP_ALPHA,KI_BALANCE
0,2595.7474904447618,444.91277964947005,17.105784700755414,106.81310325685006,20.16359772769838,50.896826915582025,36.701949984748026,0.18274860789480268,2.9925231566230828,0.6641145699761033,581.2523649022656,29.026189283296958,0.45890040506663377,-0.020122891403186405,0.037633498267023294,0.22421826528734828,0.06809819080094132
1,2763.2175991197137,178.20333587642511,4.312204896508768,96.33678975012684,22.97609223513127,121.85084117804125,32.7095041376089,0.3118540466550113,1.1725777145358882,1.1058304324466133,800.0,56.367733713210114,0.1,-0.03639236030323691,0.11926092678797341,0.5265406994562907,1.3451828047118606
2,3146.0043140340736,174.71324837296004,6.7988440803350105,92.66740953890437,25.30532292934212,84.74919965160204,32.13022058315965,0.6779850870738652,-0.3252261545414492,0.6416993219883567,708.4780159916896,50.874991471612596,0.1,-0.07574285894111463,0.11475466780977717,0.5541315461090289,1.108025553964585
3,3140.9566161973253,174.71324837296004,6.7988440803350105,92.66740953890437,25.30532292934212,84.74919965160204,32.13022058315965,0.6779850870738652,-0.3252261545414492,0.6416993219883567,708.4780159916896,50.874991471612596,0.1,-0.07574285894111463,0.11475466780977717,0.5541315461090289,1.108025553964585
4,3227.7506273588756,174.71324837296004,6.7988440803350105,92.66740953890437,25.30532292934212,84.74919965160204,32.13022058315965,0.6779850870738652,-0.3252261545414492,0.6416993219883567,708.4780159916896,50.874991471612596,0.1,-0.07574285894111463,0.11475466780977717,0.5541315461090289,1.4582439501939628
5,3227.4405540817215,174.71324837296004,6.7988440803350105,92.66740953890437,25.30532292934212,84.74919965160204,32.13022058315965,0.6779850870738652,-0.3252261545414492,0.6416993219883567,708.4780159916896,50.874991471612596,0.1,-0.07574285894111463,0.11475466780977717,0.5541315461090289,1.4582439501939628
6,3227.295062256578,174.71324837296004,6.7988440803350105,92.66740953890437,25.30532292934212,84.74919965160204,32.13022058315965,0.6779850870738652,-0.3252261545414492,0.6416993219883567,708.4780159916896,50.874991471612596,0.1,-0.07574285894111463,0.11475466780977717,0.5541315461090289,1.4582439501939628
7,3228.669071613473,57.041900224290416,6.144295893914092,82.50522408640713,28.35174465547122,87.40284004558627,34.88364711238797,0.4516438025243722,-0.6650617066103267,0.5114506197706676,736.1160984747372,75.6990127309743,0.1,-0.07613945986378527,0.10594708624538333,0.5622443250825786,1.412726658133382
8,3266.8091364892944,102.46049329820815,5.695390187900449,87.22229604780128,24.59683543089289,88.47541386810286,35.930898097525265,0.39749608119941715,-0.675597293439396,0.6196950315037894,732.4347658360026,69.29185780437143,0.14352913657273747,-0.06623571875626252,0.12,0.5772012114033085,0.8380982973356442
9,3362.849853799649,158.80490250864636,6.110058228746343,86.958037809435,29.41330826654795,96.25745342724004,34.519599832894876,0.3643049974855681,-0.5920995048599543,0.5186407623475328,702.7236240923747,36.354299221158286,0.10135140663883811,-0.07808122168101077,0.11416231120789302,0.4980450710497563,0.2514563927932577
10,3384.2259887882947,158.80490250864636,6.110058228746343,86.958037809435,29.41330826654795,96.25745342724004,34.519599832894876,0.3643049974855681,-0.5920995048599543,0.5186407623475328,702.7236240923747,36.354299221158286,0.10135140663883811,-0.07808122168101077,0.11416231120789302,0.4980450710497563,0.2514563927932577
11,3381.9525329951402,158.80490250864636,6.110058228746343,86.958037809435,29.41330826654795,96.25745342724004,34.519599832894876,0.3643049974855681,-0.5920995048599543,0.5186407623475328,702.7236240923747,36.354299221158286,0.10135140663883811,-0.07808122168101077,0.11416231120789302,0.4980450710497563,0.2514563927932577
12,3919.404896532693,35.005065522425845,3.0679348029854165,85.98664961927766,36.108157346576895,81.64912060600088,33.64536914742387,0.477936323599767,-0.4314836723515024,0.520346065379153,716.0162962670714,79.43156425624201,0.1,-0.08250940043382082,0.11857503104247087,0.5680929427908883,0.3035129916853195
13,3381.5410081649725,158.80490250864636,6.110058228746343,86.958037809435,29.41330826654795,96.25745342724004,34.519599832894876,0.3643049974855681,-0.5920995048599543,0.5186407623475328,702.7236240923747,36.354299221158286,0.10135140663883811,-0.07808122168101077,0.11416231120789302,0.4980450710497563,0.2514563927932577
14,3385.1290938196507,158.80490250864636,6.110058228746343,86.958037809435,29.41330826654795,96.25745342724004,34.519599832894876,0.3643049974855681,-0.5920995048599543,0.5186407623475328,702.7236240923747,36.354299221158286,0.10135140663883811,-0.07808122168101077,0.11416231120789302,0.4980450710497563,0.2514563927932577
15,3393.7402522851708,158.80490250864636,6.110058228746343,86.958037809435,29.41330826654795,96.25745342724004,37.492291877505004,0.3643049974855681,-0.5920995048599543,0.5186407623475328,650.0623015925677,36.354299221158286,0.10135140663883811,-0.07808122168101077,0.11416231120789302,0.3657248996100748,0.2514563927932577
16,3858.5856792107115,158.80490250864636,6.110058228746343,86.958037809435,29.41330826654795,96.25745342724004,40.0,0.2951227507873751,-0.5920995048599543,0.5186407623475328,637.6766955131234,36.354299221158286,0.10135140663883811,-0.07808122168101077,0.11416231120789302,0.3845917258035487,0.2514563927932577
17,3886.1584139775005,179.5028618118237,5.264473427309671,88.03263208325968,30.001746176452343,75.35294917158136,40.0,0.23594722436832513,-1.105979880895817,0.5125136399107103,739.5848298587159,64.8133151602062,0.10185031171481827,-0.07128216122835065,0.1004720085384576,0.4982503652135739,0.17216537805352497
18,3972.6719073980676,139.16242495382988,4.8537558121441275,87.97297709138458,29.133672012806507,57.49441707420304,31.320702154286625,0.232943169099193,-1.1035677558044947,0.5123803895654282,726.0694122446785,66.57345570133694,0.1,-0.07318089917061166,0.09701246735077738,0.4918634977285947,0.0
19,3400.3002295485844,158.80490250864636,6.110058228746343,86.958037809435,29.41330826654795,96.25745342724004,33.2505861059286,0.3643049974855681,-0.5920995048599543,0.5186407623475328,717.9288466048044,35.17337220329178,0.10135140663883811,-0.07808122168101077,0.11975905506052399,0.46613728184217584,0.2514563927932577
20,3389.581780566869,158.80490250864636,6.110058228746343,86.958037809435,29.41330826654795,96.25745342724004,39.622004903804964,0.3643049974855681,-0.5920995048599543,0.5,702.7236240923747,44.389494227266105,0.10135140663883811,-0.07808122168101077,0.11416231120789302,0.4543032043812233,0.2514563927932577
21,3886.6013303085083,158.80490250864636,6.110058228746343,86.958037809435,26.44564114783997,96.25745342724004,33.2505861059286,0.3643049974855681,-0.5920995048599543,0.5186407623475328,717.9288466048044,35.17337220329178,0.10135140663883811,-0.07808122168101077,0.12,0.46613728184217584,0.2514563927932577
22,3477.7963957485053,135.40770086601503,6.116640054568972,86.9957363948505,29.39956585430987,89.34828685369439,37.81564378409007,0.36415727365479283,-0.5933447996268043,0.5,658.2489368196223,37.05104667405689,0.10772603193241378,-0.07799462584115922,0.11421059347062686,0.47374876163914237,0.25149934765007276
23,3514.0596848270743,158.80490250864636,6.110058228746343,86.958037809435,29.41330826654795,117.58042222194318,35.65422539997687,0.3643049974855681,-0.5920995048599543,0.5186407623475328,705.374728521912,36.460678188895166,0.10135140663883811,-0.07808122168101077,0.1166091706448431,0.571897254878594,0.2514563927932577
24,3420.0823214111983,158.80490250864636,6.110058228746343,86.958037809435,29.41330826654795,110.82897017304906,40.0,0.3643049974855681,-0.5920995048599543,0.5186407623475328,799.4934975217652,36.354299221158286,0.10135140663883811,-0.07808122168101077,0.10439032633613496,0.4887519365052139,0.41374508278972943
25,3410.912810277234,158.80490250864636,6.110058228746343,86.958037809435,29.41330826654795,110.82897017304906,40.0,0.3643049974855681,-0.5920995048599543,0.5186407623475328,799.4934975217652,36.354299221158286,0.10135140663883811,-0.07808122168101077,0.10439032633613496,0.4887519365052139,0.41374508278972943
26,3961.2769231044094,126.82114191951915,6.109885708398954,96.72375815867395,29.79992118593355,109.39456159723301,39.72860891605261,0.45340909178133176,-0.5510349687527967,0.5140816333175771,748.5565811524381,61.76473543074518,0.1,-0.06954165319133368,0.09966834537187011,0.408200540805181,0.23782900711848756
27,3413.873617384591,158.80490250864636,6.110058228746343,86.958037809435,29.41330826654795,110.82897017304906,40.0,0.3643049974855681,-0.5920995048599543,0.5186407623475328,799.4934975217652,36.354299221158286,0.10135140663883811,-0.07808122168101077,0.10439032633613496,0.4887519365052139,0.41374508278972943
28,4136.867451534118,158.80490250864636,6.110058228746343,86.958037809435,29.41330826654795,110.82897017304906,40.0,0.3643049974855681,-0.5920995048599543,0.5186407623475328,799.4934975217652,33.35313800912292,0.1,-0.07808122168101077,0.10439032633613496,0.4887519365052139,0.41374508278972943
29,3418.868567512244,158.80490250864636,6.110058228746343,86.958037809435,29.41330826654795,123.95424615696896,40.0,0.3643049974855681,-0.5920995048599543,0.5,799.4934975217652,38.53648738642029,0.10135140663883811,-0.07808122168101077,0.10439032633613496,0.4887519365052139,0.41374508278972943
30,3416.846473518712,158.80490250864636,6.110058228746343,86.958037809435,29.41330826654795,104.17038052460735,40.0,0.3643049974855681,-0.5920995048599543,0.5054995532769535,799.4934975217652,37.313067898387324,0.10135140663883811,-0.07808122168101077,0.10439032633613496,0.47817639329256867,0.41374508278972943
31,3433.198313171823,158.80490250864636,6.110058228746343,86.958037809435,29.41330826654795,110.82897017304906,39.676028320884804,0.3643049974855681,-0.5920995048599543,0.5,799.4934975217652,36.354299221158286,0.10135140663883811,-0.07808122168101077,0.10439032633613496,0.4887519365052139,0.41374508278972943
32,3429.1920988448846,158.80490250864636,6.110058228746343,86.958037809435,29.41330826654795,105.33163643945899,40.0,0.3643049974855681,-0.5920995048599543,0.5010824452155549,799.4934975217652,49.29399387927836,0.10135140663883811,-0.07808122168101077,0.10941502725219888,0.49254562012758424,0.41374508278972943
33,3428.68856599737,158.80490250864636,6.110058228746343,86.958037809435,29.41330826654795,51.37801238448361,40.0,0.3643049974855681,-0.5920995048599543,0.5066895398044656,799.4934975217652,36.18677523286054,0.10135140663883811,-0.07808122168101077,0.10425311225740257,0.4887519365052139,0.41374508278972943
34,3426.4809941406925,158.80490250864636,6.110058228746343,86.958037809435,29.41330826654795,94.57657863776096,40.0,0.3643049974855681,-0.5920995048599543,0.5007146842683674,799.4934975217652,36.8861266814715,0.10135140663883811,-0.07808122168101077,0.104370283696748,0.4887519365052139,0.41374508278972943
35,3425.9450116344096,158.80490250864636,6.110058228746343,86.958037809435,29.41330826654795,125.23252391865647,40.0,0.3643049974855681,-0.5920995048599543,0.5,799.4934975217652,36.97864255586776,0.10135140663883811,-0.07808122168101077,0.10418404575276054,0.4887519365052139,0.41374508278972943
36,3425.3178814792836,158.80490250864636,6.110058228746343,86.958037809435,29.41330826654795,105.33163643945899,40.0,0.3643049974855681,-0.5920995048599543,0.5010824452155549,799.4934975217652,49.29399387927836,0.10135140663883811,-0.07808122168101077,0.10941502725219888,0.49254562012758424,0.41374508278972943
37,3907.666799560031,158.80490250864636,6.110058228746343,86.958037809435,29.41330826654795,125.23252391865647,40.0,0.3643049974855681,-0.5920995048599543,0.5,799.4934975217652,36.97864255586776,0.10135140663883811,-0.07808122168101077,0.10907838644833852,0.4887519365052139,0.41374508278972943
38,3432.3519397622267,158.80490250864636,6.110058228746343,86.958037809435,29.41330826654795,118.94622913045733,40.0,0.3643049974855681,-0.5920995048599543,0.5015397276289858,799.4934975217652,54.332756819205514,0.10135140663883811,-0.07808122168101077,0.10918811453354446,0.492214387592991,0.41374508278972943
39,3437.1829734596135,158.80490250864636,6.110058228746343,86.958037809435,29.41330826654795,125.23252391865647,40.0,0.3643049974855681,-0.5920995048599543,0.5,799.4934975217652,36.97864255586776,0.10135140663883811,-0.07808122168101077,0.10907838644833852,0.4887519365052139,0.41374508278972943
40,3887.5293578593337,158.80490250864636,6.110058228746343,86.958037809435,29.41330826654795,61.65041360756986,40.0,0.3607476821754862,-0.5920995048599543,0.5,784.9516666397852,43.87208656575507,0.10674543533181886,-0.07808122168101077,0.10242003849316654,0.5099817730297398,0.0
41,3664.112971456753,158.80490250864636,6.110058228746343,86.958037809435,30.94238843079724,114.11128654521141,40.0,0.3643049974855681,-0.5920995048599543,0.5,799.4934975217652,34.56953030655449,0.10135140663883811,-0.0758678609023263,0.10884870951610047,0.48942184022357055,0.41374508278972943
42,3429.071915086067,158.80490250864636,6.110058228746343,86.958037809435,29.41330826654795,83.59122004690015,37.464290841547076,0.3643049974855681,-0.5920995048599543,0.5001211214221513,799.4934975217652,66.99119073647505,0.10135140663883811,-0.07808122168101077,0.10321306811824268,0.47981964243890396,0.41374508278972943
43,3425.725135924751,158.80490250864636,6.110058228746343,86.958037809435,29.41330826654795,83.59122004690015,37.464290841547076,0.3643049974855681,-0.5920995048599543,0.5001211214221513,799.4934975217652,66.99119073647505,0.10135140663883811,-0.07808122168101077,0.10321306811824268,0.47981964243890396,0.41374508278972943
44,3424.267665463953,158.80490250864636,6.110058228746343,86.958037809435,29.41330826654795,100.97656006286795,40.0,0.3643049974855681,-0.5920995048599543,0.500132701713527,799.4934975217652,67.02853203380927,0.10135140663883811,-0.07808122168101077,0.10099775386717344,0.48629438389302015,0.41374508278972943
45,3980.0973541681756,158.80490250864636,6.110058228746343,71.87591413910431,29.41330826654795,86.46418523534325,37.61746076840398,0.3643049974855681,-0.5920995048599543,0.5004942893159122,800.0,66.5954630613197,0.10135140663883811,-0.052576395245355734,0.10291080074150363,0.4276142879394625,0.4141872586688787
46,3428.3928676331407,158.80490250864636,6.110058228746343,86.958037809435,29.41330826654795,100.97656006286795,40.0,0.3643049974855681,-0.5920995048599543,0.500132701713527,799.4934975217652,67.02853203380927,0.10135140663883811,-0.07808122168101077,0.10099775386717344,0.48629438389302015,0.41374508278972943
47,3431.421396638714,158.80490250864636,6.110058228746343,86.958037809435,29.41330826654795,77.01734084010405,38.120419453023906,0.3643049974855681,-0.5920995048599543,0.5,800.0,61.80446639519995,0.10135140663883811,-0.07808122168101077,0.12,0.4893492948925928,0.41374508278972943
48,3977.2955730876006,158.80490250864636,6.110058228746343,68.41377101335286,29.41330826654795,63.73836075271092,36.702874283883226,0.3643049974855681,-0.5920995048599543,0.5,798.1690785450027,67.1988022107816,0.10135140663883811,-0.10357793806478899,0.096505922107838,0.4838560559819344,0.41374508278972943
49,3446.7508851862685,158.80490250864636,6.110058228746343,86.958037809435,31.391194295231355,77.47597031014804,37.56884561365242,0.3643049974855681,-0.5920995048599543,0.5001779779840817,799.4934975217652,66.99981066411533,0.10135140663883811,-0.07808122168101077,0.09870304662345951,0.484426431288837,0.41374508278972943
50,3437.9985819945637,158.80490250864636,6.110058228746343,86.958037809435,29.41330826654795,109.16036345388694,36.730669804665034,0.3643049974855681,-0.5920995048599543,0.5,799.4934975217652,66.99051791162078,0.10135140663883811,-0.07808122168101077,0.10071803126211505,0.4804775633496523,0.41374508278972943
51,3527.6378638377164,158.80490250864636,6.110058228746343,86.958037809435,29.41330826654795,109.19907551792762,36.66564802826756,0.3643049974855681,-0.5920995048599543,0.5,799.5499264292199,79.75243056254602,0.10135140663883811,-0.07808122168101077,0.10073916170922799,0.48997014600103217,0.41374508278972943
52,3438.692303170026,158.80490250864636,6.110058228746343,86.958037809435,31.391194295231355,77.47597031014804,37.56884561365242,0.3643049974855681,-0.5920995048599543,0.5001779779840817,799.4934975217652,66.99981066411533,0.10135140663883811,-0.07808122168101077,0.09870304662345951,0.484426431288837,0.41374508278972943
53,4018.382848153742,158.80490250864636,6.110058228746343,86.958037809435,29.41330826654795,120.56746309734801,39.63431295184056,0.36945567967083953,-0.5920995048599543,0.5002003146073434,776.6632742596262,69.9140158070447,0.10135140663883811,-0.07808122168101077,0.12,0.48101369935561267,0.41374508278972943
54,3426.007033004153,158.80490250864636,6.110058228746343,86.958037809435,29.41330826654795,133.55383298658876,37.25551077698437,0.3643049974855681,-0.5920995048599543,0.5002503308833393,799.5156905248108,67.29500655597111,0.10135140663883811,-0.07808122168101077,0.1115269325596961,0.4821770433246842,0.41374508278972943
55,3441.3975667287023,158.80490250864636,6.110058228746343,86.958037809435,29.41330826654795,109.83246533008847,38.9526034979093,0.3643049974855681,-0.5920995048599543,0.5000607324818531,752.7190150775614,66.2662727716273,0.10135140663883811,-0.07808122168101077,0.10100229587623616,0.4820624817847556,0.41374508278972943
56,3432.020848135865,158.80490250864636,6.110058228746343,86.958037809435,29.41330826654795,133.5585266668257,37.28351972663738,0.3643049974855681,-0.5920995048599543,0.5002263297997319,799.4934975217652,67.00207677670998,0.10135140663883811,-0.07808122168101077,0.11491434245686408,0.4813059662894329,0.41374508278972943
57,4047.5231870637353,173.33346785634828,6.110058228746343,86.958037809435,30.88732767302282,131.15074492721547,37.68342667853501,0.43288664998741627,-0.5920995048599543,0.5,790.5689927382043,45.40578738294477,0.10135140663883811,-0.07808122168101077,0.08433667080623115,0.4824659450272446,0.0
58,3484.2815660562833,158.80490250864636,6.110058228746343,86.958037809435,29.41330826654795,104.44130011233382,37.3462943012571,0.3643049974855681,-0.5920995048599543,0.5001839215866799,800.0,67.73677086391697,0.10135140663883811,-0.07808122168101077,0.09117310663833444,0.4819646782856398,0.41374508278972943
59,3428.820286755819,158.80490250864636,6.110058228746343,86.958037809435,29.41330826654795,118.90895019471338,33.663406785033224,0.3643049974855681,-0.5920995048599543,0.5000858493228405,792.5943041097062,63.69057993731543,0.10135140663883811,-0.07808122168101077,0.08287808931910984,0.4137860600826798,0.41374508278972943
60,3993.719076530623,158.80490250864636,6.110058228746343,86.958037809435,29.64190943887246,115.21311418835995,36.44000431433509,0.3643049974855681,-0.5920995048599543,0.5001418746297942,799.6023485546199,63.935653909770586,0.10135140663883811,-0.07808122168101077,0.08432780975116158,0.5054308124383965,0.41374508278972943
61,3431.8311007681996,158.80490250864636,6.110058228746343,86.958037809435,29.41330826654795,115.9896766298164,39.00191941903211,0.3643049974855681,-0.5920995048599543,0.5,800.0,63.63710940327594,0.10135140663883811,-0.07808122168101077,0.09765980492071674,0.4856637517544036,0.41374508278972943
62,3445.3696076656556,158.80490250864636,6.110058228746343,86.958037809435,29.236523903476318,118.42780715928822,35.37109687249681,0.3643049974855681,-0.5920995048599543,0.5001010459013712,800.0,61.93747872547528,0.10135140663883811,-0.07808122168101077,0.09304888090489541,0.4550454152378642,0.41374508278972943
63,3432.016532445381,158.80490250864636,6.110058228746343,87.69194235754638,33.74448868832502,119.6528216351897,35.224696195834255,0.3643049974855681,-0.5920995048599543,0.5221390982818389,781.3327219261447,62.00010298088675,0.1,-0.07808122168101077,0.10331433206874195,0.4557059176121558,0.0
64,3428.449841764397,158.80490250864636,6.110058228746343,86.958037809435,29.41330826654795,100.08227268594949,37.88360584117223,0.3643049974855681,-0.5920995048599543,0.5000461235297858,800.0,64.35841162189718,0.10135140663883811,-0.07808122168101077,0.10635214543158869,0.4589066207825836,0.41374508278972943
65,3786.9842539009924,121.80119252132143,6.110058228746343,91.81062395851009,29.41330826654795,105.57223727790412,34.71748633169591,0.3643049974855681,-0.5920995048599543,0.5000112696699615,732.8211758350437,72.8230040104937,0.1,-0.07808122168101077,0.1085977099112494,0.4838654005900468,0.41374508278972943
66,3436.9689398445594,158.80490250864636,6.110058228746343,86.958037809435,29.41330826654795,85.33619833383915,37.08557798416339,0.3643049974855681,-0.5920995048599543,0.5000212648687379,800.0,88.51899951446,0.10135140663883811,-0.07808122168101077,0.10949547291677286,0.49130780400471996,0.41374508278972943
67,3428.53006865586,158.80490250864636,6.110058228746343,86.958037809435,29.41330826654795,100.08227268594949,37.88360584117223,0.3643049974855681,-0.5920995048599543,0.5000461235297858,800.0,64.35841162189718,0.10135140663883811,-0.07808122168101077,0.10635214543158869,0.4589066207825836,0.41374508278972943
68,3440.6854502772794,158.80490250864636,6.110058228746343,86.958037809435,29.236523903476318,118.42780715928822,35.37109687249681,0.3643049974855681,-0.5920995048599543,0.5001010459013712,800.0,61.93747872547528,0.10135140663883811,-0.07808122168101077,0.09304888090489541,0.4550454152378642,0.41374508278972943
69,4135.021876762925,158.80490250864636,6.110058228746343,86.958037809435,29.41330826654795,95.55051464788008,39.80456896210286,0.3643049974855681,-0.5920995048599543,0.5,626.2855223165732,50.60075427775671,0.10135140663883811,-0.07808122168101077,0.1183289187662939,0.4303354766172833,0.41374508278972943
70,4213.568121463326,158.80490250864636,6.110058228746343,86.958037809435,29.41330826654795,105.89753218161252,39.957318768375046,0.3643049974855681,-0.5920995048599543,0.5,771.2665256977455,38.98028699247268,0.10135140663883811,-0.07808122168101077,0.11018663674678841,0.4328011945120151,0.41374508278972943
71,3440.9566443565486,158.80490250864636,6.110058228746343,86.958037809435,29.236523903476318,118.42780715928822,35.37109687249681,0.3643049974855681,-0.5920995048599543,0.5001010459013712,800.0,61.93747872547528,0.10135140663883811,-0.07808122168101077,0.09304888090489541,0.4550454152378642,0.41374508278972943
72,3969.6463114267262,158.80490250864636,6.110058228746343,86.958037809435,29.41330826654795,60.9739589036922,38.80002342930918,0.3643049974855681,-0.4310178731094616,0.5000447186498074,800.0,79.3751970016891,0.10135140663883811,-0.07808122168101077,0.08624222578183066,0.43848289452513084,0.41374508278972943
73,3437.644966086382,158.80490250864636,6.110058228746343,86.958037809435,29.236523903476318,118.42780715928822,35.37109687249681,0.3643049974855681,-0.5920995048599543,0.5001010459013712,800.0,61.93747872547528,0.10135140663883811,-0.07808122168101077,0.09304888090489541,0.4550454152378642,0.41374508278972943
74,3430.2444737589703,158.80490250864636,6.110058228746343,86.958037809435,29.236523903476318,118.42780715928822,35.37109687249681,0.3643049974855681,-0.5920995048599543,0.5001010459013712,800.0,61.93747872547528,0.10135140663883811,-0.07808122168101077,0.09304888090489541,0.4550454152378642,0.41374508278972943
75,3428.3989365923244,158.80490250864636,6.110058228746343,86.958037809435,29.41330826654795,73.65439881160674,40.0,0.3643049974855681,-0.5920995048599543,0.5000464916401627,790.0003732873644,75.4083582940858,0.10135140663883811,-0.07808122168101077,0.12,0.463537938919771,0.41374508278972943
76,3438.5877627719565,158.80490250864636,6.110058228746343,86.958037809435,29.236523903476318,118.42780715928822,35.37109687249681,0.3643049974855681,-0.5920995048599543,0.5001010459013712,800.0,61.93747872547528,0.10135140663883811,-0.07808122168101077,0.09304888090489541,0.4550454152378642,0.41374508278972943
77,4008.845593773519,134.98175397488498,6.417976031545144,86.958037809435,35.04195179814286,102.10645591969032,40.0,0.4610159696206304,-0.5920995048599543,0.5,779.6079151240746,57.74409429672513,0.10135140663883811,-0.08573640013207656,0.11716550602574707,0.46016434997921973,0.0
78,3427.7324395863657,158.80490250864636,6.110058228746343,86.958037809435,29.41330826654795,87.23326637638732,38.18967321360152,0.3643049974855681,-0.5920995048599543,0.5000338131496819,620.9754391463066,48.62286861422163,0.10135140663883811,-0.07808122168101077,0.11356524854618967,0.4416495954268805,0.41374508278972943
79,3435.722535274748,158.80490250864636,6.110058228746343,86.958037809435,29.41330826654795,98.04056727777991,39.712143110108634,0.3643100117323648,-0.5920995048599543,0.5000431846188529,722.2365683992982,58.24727315128816,0.10135140663883811,-0.07808122168101077,0.10722628122092934,0.4635570114366192,0.41374508278972943
80,3440.704743824311,158.80490250864636,6.110058228746343,86.958037809435,29.236523903476318,117.04378873676326,35.37109687249681,0.3643049974855681,-0.5920995048599543,0.5001010459013712,800.0,61.93747872547528,0.10135140663883811,-0.07808122168101077,0.09304888090489541,0.4550454152378642,0.41374508278972943
81,3442.402147060346,158.80490250864636,6.110058228746343,86.958037809435,29.236523903476318,117.04378873676326,35.37109687249681,0.3643049974855681,-0.5920995048599543,0.5001010459013712,800.0,61.93747872547528,0.10135140663883811,-0.07808122168101077,0.09304888090489541,0.4550454152378642,0.41374508278972943
82,3442.667404969578,158.80490250864636,6.110058228746343,86.958037809435,29.236523903476318,117.04378873676326,35.37109687249681,0.3643049974855681,-0.5920995048599543,0.5001010459013712,800.0,61.93747872547528,0.10135140663883811,-0.07808122168101077,0.09304888090489541,0.4550454152378642,0.41374508278972943
83,3933.044976934717,166.49859858614565,6.110058228746343,91.93977078483941,29.41330826654795,96.32005145695408,40.0,0.3643018094790452,-0.5920995048599543,0.5,724.2026317859808,50.02505700134169,0.10135140663883811,-0.07808122168101077,0.09337695092253859,0.46582730313568665,0.41374508278972943
84,3441.307150235284,158.80490250864636,6.110058228746343,86.958037809435,29.236523903476318,99.97454564394859,35.37109687249681,0.3643049974855681,-0.5920995048599543,0.5001010459013712,800.0,61.93747872547528,0.10135140663883811,-0.07808122168101077,0.10493640678341785,0.4550454152378642,0.41374508278972943
85,3864.2569214351856,158.80490250864636,6.110058228746343,86.958037809435,29.236523903476318,118.58510959004884,35.37109687249681,0.30315272490283757,-0.5920995048599543,0.5001010459013712,800.0,66.40813587882074,0.1,-0.07808122168101077,0.09304888090489541,0.4550454152378642,0.41374508278972943
86,3447.4961807902746,158.80490250864636,6.110058228746343,86.958037809435,29.236523903476318,118.43482526402683,35.37109687249681,0.3643049974855681,-0.5920995048599543,0.5001010459013712,800.0,61.93747872547528,0.10135140663883811,-0.07808122168101077,0.09304888090489541,0.4550454152378642,0.41374508278972943
87,3450.4867231395447,158.80490250864636,6.110058228746343,86.958037809435,29.236523903476318,99.97454564394859,35.37109687249681,0.3643049974855681,-0.5920995048599543,0.5001010459013712,800.0,61.93747872547528,0.10135140663883811,-0.07808122168101077,0.10493640678341785,0.4550454152378642,0.41374508278972943
88,3443.715514164986,158.80490250864636,6.110058228746343,86.958037809435,29.236523903476318,103.9390187104718,35.37109687249681,0.3643049974855681,-0.5920995048599543,0.5001010459013712,800.0,65.25768948418032,0.10135140663883811,-0.07808122168101077,0.09478172986660648,0.4550454152378642,0.41374508278972943
89,3439.7589071144357,158.80490250864636,6.110058228746343,86.958037809435,29.236523903476318,119.55907131704201,33.83967290948435,0.3643049974855681,-0.5920995048599543,0.5001010459013712,739.0864344815518,72.79886323297458,0.10135140663883811,-0.07808122168101077,0.12,0.4436466222657641,0.41374508278972943
90,3440.6189188481953,158.80490250864636,6.110058228746343,86.958037809435,29.236523903476318,113.49639260174249,35.37109687249681,0.3643049974855681,-0.5920995048599543,0.5001010459013712,800.0,63.818175974463905,0.10135140663883811,-0.07808122168101077,0.09171309030894956,0.4550454152378642,0.41374508278972943
91,3445.8747080134267,158.80490250864636,6.110058228746343,86.958037809435,29.236523903476318,93.51425667059608,38.71360598579906,0.3643049974855681,-0.5920995048599543,0.5,800.0,64.68847193130148,0.10135140663883811,-0.07808122168101077,0.11759961712561874,0.4432995134257737,0.41374508278972943
92,3457.087717911808,158.80490250864636,6.110058228746343,86.958037809435,29.236523903476318,92.74381256272962,35.37109687249681,0.3643049974855681,-0.5920995048599543,0.5001010459013712,757.7528106542229,70.86493425898941,0.10135140663883811,-0.07808122168101077,0.10696029332656493,0.4708092332302573,0.41374508278972943
93,3437.901670961166,158.80490250864636,6.110058228746343,86.958037809435,29.236523903476318,91.04497744243957,38.49576340913026,0.3643049974855681,-0.5920995048599543,0.5,800.0,64.49511597347258,0.10135140663883811,-0.07808122168101077,0.10244279074467103,0.4456699194820853,0.41374508278972943
94,3447.3088045470286,158.80490250864636,6.110058228746343,86.958037809435,29.236523903476318,95.7627991918008,35.33656911774489,0.3643049974855681,-0.5920995048599543,0.5001010459013712,775.7877534964294,67.02501798287035,0.10135140663883811,-0.07808122168101077,0.10002708539800745,0.47678452978368774,0.41374508278972943
95,4126.04043813488,158.80490250864636,6.110058228746343,86.958037809435,29.236523903476318,91.16583518415324,38.73650503214949,0.3776526063079921,-0.5920995048599543,0.5,800.0,60.74271022750726,0.10135140663883811,-0.07808122168101077,0.08808792224417893,0.45588447008547434,0.3991436558770755
96,3438.485923766729,158.80490250864636,6.110058228746343,86.958037809435,29.236523903476318,84.17099811854001,34.92695955255562,0.3643049974855681,-0.5920995048599543,0.5001003243558436,800.0,69.21296556506242,0.10135140663883811,-0.07808122168101077,0.09368078416662473,0.4485011199727992,0.41374508278972943
97,3449.2730890119565,158.80490250864636,6.110058228746343,86.958037809435,29.236523903476318,81.03477254378662,36.82593873693901,0.3643049974855681,-0.5920995048599543,0.500091000196011,785.8524135570377,67.19023530502456,0.10135140663883811,-0.07808122168101077,0.07674600673532912,0.4496406603940065,0.41374508278972943
98,3442.990755122303,158.80490250864636,6.110058228746343,86.958037809435,29.236523903476318,81.03477254378662,36.82593873693901,0.3643049974855681,-0.5920995048599543,0.500091000196011,785.8524135570377,67.19023530502456,0.10135140663883811,-0.07808122168101077,0.07674600673532912,0.4496406603940065,0.41374508278972943
99,4202.67003603849,158.80490250864636,6.110058228746343,86.958037809435,29.236523903476318,80.66565490162853,37.1212634158753,0.3643049974855681,-0.5920995048599543,0.5,800.0,61.129529860640645,0.10135140663883811,-0.07808122168101077,0.08519113887897393,0.4097899553549994,0.41374508278972943
100,4239.997168392046,158.80490250864636,6.110058228746343,86.958037809435,29.236523903476318,84.34197213849039,35.34909306202632,0.3643049974855681,-0.5920995048599543,0.5001652489182592,788.5610199913933,70.61762734634357,0.10135140663883811,-0.07808122168101077,0.0998939815887856,0.4736237078382515,0.41374508278972943
101,3571.0687392706213,158.80490250864636,6.110058228746343,86.958037809435,29.236523903476318,67.34025254762415,35.46911417677761,0.3643049974855681,-0.5920995048599543,0.5000901313052345,754.4960937661145,60.32055386301341,0.10135140663883811,-0.07808122168101077,0.10054032684266366,0.4888008543852745,0.41374508278972943
102,3516.6678766186474,155.1212460762709,6.110058228746343,86.958037809435,29.236523903476318,80.34631651656818,40.0,0.3643049974855681,-0.5920995048599543,0.5000853092541485,800.0,95.57324494282784,0.10135140663883811,-0.07808122168101077,0.09962260322453893,0.49235802049062016,0.0
103,3446.791153418393,158.80490250864636,6.110058228746343,86.958037809435,29.236523903476318,81.69740622722212,35.22439672555878,0.3643049974855681,-0.5920995048599543,0.5001551380476535,800.0,58.298999300507965,0.10135140663883811,-0.07808122168101077,0.09347403087114316,0.4049381734470495,0.41374508278972943
104,3875.9244904403467,155.19858904460128,6.110058228746343,86.958037809435,29.236523903476318,83.59794702456352,36.74931112472397,0.3643049974855681,0.10496107309779323,0.5001320479552321,790.5842088980967,13.843201648707977,0.10135140663883811,-0.07808122168101077,0.10026997784064975,0.4887412762427264,0.28297284712212395
105,3437.330541045842,158.80490250864636,6.110058228746343,86.958037809435,29.236523903476318,82.72945700408084,35.271489701457675,0.3643049974855681,-0.5920995048599543,0.5001717298086681,783.5302660212524,74.39321233263342,0.10135140663883811,-0.07808122168101077,0.08462449503647146,0.46983742914970766,0.41374508278972943
106,3447.197475262788,158.80490250864636,6.110058228746343,86.958037809435,29.236523903476318,80.77979049517174,37.97221771813055,0.3643049974855681,-0.5920995048599543,0.5001407449702345,772.5904091935831,55.388550643159064,0.10135140663883811,-0.07808122168101077,0.08878954406560541,0.41128015498962156,0.41374508278972943
107,3441.2357295892675,158.80490250864636,6.110058228746343,86.958037809435,29.236523903476318,80.55995825373951,36.51642884206423,0.3643049974855681,-0.5920995048599543,0.5001581117610393,800.0,57.78777193245088,0.10135140663883811,-0.07808122168101077,0.10191865987255662,0.4165749244970047,0.41374508278972943
108,3442.1449052352264,158.80490250864636,6.110058228746343,86.958037809435,29.236523903476318,61.681992719581714,31.78891082911955,0.3643049974855681,-0.5920995048599543,0.500152553675849,800.0,58.25775334285047,0.10135140663883811,-0.07808122168101077,0.0994731122660919,0.38300459054164016,0.41374508278972943
109,3449.8506664522997,158.80490250864636,6.110058228746343,86.958037809435,29.236523903476318,88.15338407639726,39.65091231050612,0.3643049974855681,-0.5920995048599543,0.500164211262426,771.4864748198995,61.825797344607196,0.10135140663883811,-0.07808122168101077,0.09131098801758106,0.4339758939356628,0.41374508278972943
110,3949.253646787865,158.80490250864636,6.110058228746343,86.958037809435,29.575366186248374,88.15338407639726,39.65091231050612,0.3643049974855681,-0.5920995048599543,0.500164211262426,771.4864748198995,61.825797344607196,0.10135140663883811,-0.07808122168101077,0.09131098801758106,0.4339758939356628,0.41374508278972943
111,4176.929342335399,158.80490250864636,6.110058228746343,86.958037809435,29.236523903476318,62.383229365766326,40.0,0.3643049974855681,-0.5920995048599543,0.5002140376766461,800.0,62.46105890094209,0.10135140663883811,-0.07808122168101077,0.10381438671271843,0.39641836499022354,0.41374508278972943
112,3446.1806196978323,158.80490250864636,6.110058228746343,86.958037809435,29.236523903476318,56.13906989731014,34.610783816079866,0.3643049974855681,-0.5920995048599543,0.5,800.0,60.09847900233584,0.10135140663883811,-0.07808122168101077,0.10539541650567269,0.4255724628072017,0.41374508278972943
113,3442.057758470651,158.80490250864636,6.110058228746343,86.958037809435,29.236523903476318,97.88822402600788,38.161772536821275,0.3643049974855681,-0.5920995048599543,0.5001724113990538,800.0,61.66182921669472,0.10135140663883811,-0.07808122168101077,0.09373684846197242,0.399709219407726,0.41374508278972943
114,3445.7780425959763,158.80490250864636,6.110058228746343,86.958037809435,29.236523903476318,83.09660541264333,34.70906130432985,0.3643049974855681,-0.5920995048599543,0.5001383228040464,800.0,60.75677464044533,0.10135140663883811,-0.07808122168101077,0.10201047594569017,0.40042259876687686,0.41374508278972943
115,3442.181325653218,158.80490250864636,6.110058228746343,86.958037809435,29.236523903476318,88.1587201452225,40.0,0.3643049974855681,-0.5920995048599543,0.5001331669182879,800.0,59.709817488149994,0.10135140663883811,-0.07808122168101077,0.09218206199774014,0.41041279343098497,0.41374508278972943
116,3454.4098183260967,158.80490250864636,6.110058228746343,86.958037809435,29.236523903476318,80.24144104908272,26.98185190034955,0.3643049974855681,-0.5920995048599543,0.5000828007472441,800.0,59.88736825575726,0.10135140663883811,-0.07808122168101077,0.10110331997707098,0.38375062082632344,0.41374508278972943
117,3445.026742582818,158.80490250864636,6.110058228746343,86.958037809435,29.236523903476318,80.307986546572,30.76918483792697,0.3643049974855681,-0.5920995048599543,0.5000818592663756,800.0,70.56677761390061,0.10135140663883811,-0.07808122168101077,0.11360934168333767,0.3952199003014976,0.41374508278972943
118,3441.9547955391795,158.80490250864636,6.110058228746343,86.958037809435,29.236523903476318,44.18241224803279,40.0,0.3643049974855681,-0.5920995048599543,0.5001254066624763,800.0,58.48493662802138,0.10135140663883811,-0.07808122168101077,0.10574381228387165,0.4072365186449444,0.41374508278972943
119,3447.180088515457,158.80490250864636,6.110058228746343,86.958037809435,29.236523903476318,47.28197647251366,26.524008873389732,0.3643049974855681,-0.5920995048599543,0.500240237528578,800.0,59.95340273318399,0.10135140663883811,-0.07808122168101077,0.10559940692621143,0.42101227413780956,0.41374508278972943
120,3441.54982060856,158.80490250864636,6.110058228746343,86.958037809435,29.236523903476318,68.3335722039145,28.915347655955717,0.3643049974855681,-0.5920995048599543,0.500171673645494,800.0,59.53388023230264,0.10135140663883811,-0.07808122168101077,0.10391563019384288,0.4204708620703361,0.41374508278972943
121,3452.5546439885475,158.80490250864636,6.110058228746343,86.958037809435,29.236523903476318,81.44777254674594,29.923193360132466,0.3643049974855681,-0.5920995048599543,0.50000476689559,800.0,62.44849892845898,0.10135140663883811,-0.07808122168101077,0.10895005416962968,0.4241581984208509,0.41374508278972943
122,3439.009057751854,158.80490250864636,6.110058228746343,86.958037809435,29.236523903476318,81.48875970190912,28.011569405532395,0.3643049974855681,-0.5920995048599543,0.5001163589236084,794.2382969201037,57.772667336666416,0.10135140663883811,-0.07808122168101077,0.10573322414172703,0.4052392033950903,0.41374508278972943
123,4215.240970652178,158.80490250864636,6.110058228746343,86.958037809435,29.236523903476318,81.33452323387527,27.596275153535068,0.3643049974855681,-0.5920995048599543,0.500101772368991,793.2409620613221,58.35802275354305,0.10135140663883811,-0.07808122168101077,0.11077566374750336,0.4185331302653828,0.41374508278972943
124,3442.789837544397,158.80490250864636,6.110058228746343,86.958037809435,29.236523903476318,85.60000481829768,25.15663360408958,0.3643049974855681,-0.5920995048599543,0.5,800.0,56.70060408000014,0.10135140663883811,-0.07808122168101077,0.1079208819342433,0.41674642921953875,0.41374508278972943
125,4218.097416638426,158.80490250864636,6.110058228746343,86.958037809435,29.236523903476318,83.03646531708756,28.510177390432798,0.3643049974855681,-0.5920995048599543,0.5,800.0,52.1530338132581,0.10135140663883811,-0.07808122168101077,0.1112196916338237,0.41797837526805337,0.41374508278972943
126,3444.4847941712856,158.80490250864636,6.110058228746343,86.958037809435,29.236523903476318,72.50260756875741,26.576838035239213,0.3643049974855681,-0.5920995048599543,0.5002418340658844,800.0,66.93692956339606,0.10135140663883811,-0.07808122168101077,0.1060577411323233,0.4342849240031441,0.41374508278972943
127,3451.8794682138277,158.80490250864636,6.110058228746343,86.958037809435,29.236523903476318,57.84333615968913,22.53962639350294,0.3643049974855681,-0.5920995048599543,0.5001217700880215,798.1031870420653,65.0286209775407,0.10135140663883811,-0.07808122168101077,0.10425718640906971,0.4318250631373072,0.41374508278972943
128,3449.095913326169,158.80490250864636,6.110058228746343,86.958037809435,29.236523903476318,70.2079483367468,24.90567230172874,0.3643049974855681,-0.5920995048599543,0.5000797348715069,800.0,68.11724979941698,0.10135140663883811,-0.07808122168101077,0.10633418427494998,0.3923471104219639,0.41374508278972943
129,3454.018399079474,158.80490250864636,6.110058228746343,86.958037809435,29.236523903476318,61.327741374427134,24.430678363860018,0.3643049974855681,-0.5920995048599543,0.5001152506479098,798.8828324145167,64.90922094651941,0.10135140663883811,-0.07808122168101077,0.10351785857820364,0.4366250128121014,0.41374508278972943
130,3443.7072686239744,158.80490250864636,6.110058228746343,86.958037809435,29.236523903476318,74.713436783897,25.092282869588193,0.3643049974855681,-0.5920995048599543,0.5000872727811138,800.0,62.72668852195157,0.10135140663883811,-0.07808122168101077,0.10919649362459577,0.4541300718007472,0.41374508278972943
131,3454.737524980779,158.80490250864636,6.110058228746343,86.958037809435,29.236523903476318,61.327741374427134,24.430678363860018,0.3643049974855681,-0.5920995048599543,0.5001152506479098,798.8828324145167,64.90922094651941,0.10135140663883811,-0.07808122168101077,0.10351785857820364,0.4366250128121014,0.41374508278972943
132,3461.6811004202477,158.80490250864636,6.110058228746343,86.958037809435,29.236523903476318,72.79656072324602,19.04751335153916,0.3643049974855681,-0.5920995048599543,0.5000468438383998,800.0,72.82670130157179,0.10135140663883811,-0.07808122168101077,0.1163308368280875,0.4136591013379202,0.41374508278972943
133,3444.9735762524833,158.80490250864636,6.110058228746343,86.958037809435,29.236523903476318,75.86402403054993,19.333528393173875,0.3643049974855681,-0.5920995048599543,0.5003804159712599,772.7216422783356,62.19058461921325,0.10135140663883811,-0.07808122168101077,0.10550633436720185,0.44653362986734274,0.41374508278972943
134,3445.6743944920036,158.80490250864636,6.110058228746343,86.958037809435,29.236523903476318,72.79656072324602,19.04751335153916,0.3643049974855681,-0.5920995048599543,0.5000468438383998,800.0,72.82670130157179,0.10135140663883811,-0.07808122168101077,0.1163308368280875,0.4136591013379202,0.41374508278972943
135,3439.450200840032,158.80490250864636,6.110058228746343,86.958037809435,29.236523903476318,61.327741374427134,24.430678363860018,0.3643049974855681,-0.5920995048599543,0.5001152506479098,798.8828324145167,64.90922094651941,0.10135140663883811,-0.07808122168101077,0.10351785857820364,0.4366250128121014,0.41374508278972943
136,3441.248368156783,158.80490250864636,6.110058228746343,86.958037809435,29.236523903476318,72.79656072324602,19.04751335153916,0.3643049974855681,-0.5920995048599543,0.5000468438383998,800.0,72.82670130157179,0.10135140663883811,-0.07808122168101077,0.1163308368280875,0.4136591013379202,0.41374508278972943
137,3526.3957330206913,158.80490250864636,6.110058228746343,86.958037809435,29.236523903476318,74.93074547378505,28.73025593532646,0.3643049974855681,-0.5920995048599543,0.5,795.0694446941817,51.834299270819805,0.10135140663883811,-0.07808122168101077,0.1157252775155395,0.43844132833694816,0.41374508278972943
138,3444.8986421037066,158.80490250864636,6.110058228746343,86.958037809435,29.236523903476318,73.60123197385936,18.12630526887715,0.3643049974855681,-0.5920995048599543,0.5000040740200814,742.8481587002734,60.5626138425406,0.10135140663883811,-0.07808122168101077,0.10167617558280068,0.3802037849502291,0.41374508278972943
139,3448.098082389597,158.80490250864636,6.110058228746343,86.958037809435,29.236523903476318,85.06986450341206,20.753107472737916,0.3643049974855681,-0.5920995048599543,0.5,794.3713630221293,66.13877080198657,0.10135140663883811,-0.07808122168101077,0.10469135501280921,0.40101411600709264,0.41374508278972943
140,3585.6673872137444,158.80490250864636,6.110058228746343,86.958037809435,29.236523903476318,69.38521977925146,21.135821151464324,0.3643049974855681,0.15493126233536114,0.5000457389875462,800.0,77.10327755309139,0.10135140663883811,-0.07808122168101077,0.10538558702232786,0.2974641191490721,0.41374508278972943
141,3440.812083903678,158.80490250864636,6.110058228746343,86.958037809435,29.236523903476318,64.7963454875123,35.032582588202374,0.3643157751091928,-0.5920995048599543,0.5000189066309502,800.0,72.1044032249131,0.10135140663883811,-0.07808122168101077,0.0851513302471713,0.36402104835723015,0.41374508278972943
142,3450.2637068689155,158.80490250864636,6.110058228746343,86.958037809435,29.236523903476318,74.66632294869136,20.343718327320403,0.3643193992861116,-0.5920995048599543,0.5,799.1857290798415,68.48277521246077,0.10135140663883811,-0.07808122168101077,0.11144015834418278,0.41720574324745935,0.41374508278972943
143,3446.6026950483506,158.80490250864636,6.110058228746343,86.958037809435,29.236523903476318,74.66632294869136,20.343718327320403,0.3643193992861116,-0.5920995048599543,0.5,799.1857290798415,68.48277521246077,0.10135140663883811,-0.07808122168101077,0.11144015834418278,0.41720574324745935,0.41374508278972943
144,3450.5365143139375,158.80490250864636,6.110058228746343,86.958037809435,29.236523903476318,72.38748687373734,32.99139930367704,0.3643136868814732,-0.5920995048599543,0.5000086193236306,766.0307157120712,69.77709286368754,0.10135140663883811,-0.07808122168101077,0.0824610393537239,0.3640219480759166,0.41374508278972943
145,3446.044210317953,158.80490250864636,6.110058228746343,86.958037809435,29.236523903476318,92.4452434108889,23.030818294762106,0.3643114444154641,-0.5920995048599543,0.5000024546788868,798.883564245384,67.531511150449,0.10135140663883811,-0.07808122168101077,0.11151121641955687,0.4053757855418642,0.41374508278972943
146,3438.811677488877,158.80490250864636,6.110058228746343,86.958037809435,29.236523903476318,91.84609858962716,16.400262368250562,0.36430755086767186,-0.5920995048599543,0.5,800.0,66.4560417355343,0.10135140663883811,-0.07808122168101077,0.09997769847186165,0.41941130747128663,0.41374508278972943
147,3450.8009779636177,158.80490250864636,6.110058228746343,86.958037809435,29.236523903476318,90.95102287545822,17.006558596680765,0.3643042679035736,-0.5920995048599543,0.5000043882033334,799.5821730453368,66.52967880439873,0.10135140663883811,-0.07808122168101077,0.10343744259754359,0.39672228669493825,0.41374508278972943
148,3901.5737664622466,158.80490250864636,6.110058228746343,86.958037809435,29.236523903476318,86.98911868222362,21.956524024512195,0.36431291512861674,-0.5920995048599543,0.5000013296353928,800.0,67.73104192504938,0.10135140663883811,-0.07808122168101077,0.07739886583890014,0.38840196738642346,0.5556949150996795
149,3450.1741365676403,158.80490250864636,6.110058228746343,86.958037809435,29.236523903476318,88.23463526448354,27.326722725293454,0.36432065080142234,-0.5920995048599543,0.5000027524250028,788.8616358023564,69.50776390357295,0.10135140663883811,-0.07808122168101077,0.073696964822644,0.418906239503072,0.41374508278972943
150,3813.135842919223,158.80490250864636,6.110058228746343,86.958037809435,29.236523903476318,98.72716231794668,32.52236386689597,0.3643020125607643,-0.4910452816603107,0.5000035959439579,800.0,70.6870339399995,0.10135140663883811,-0.0937817914001408,0.10242478920416061,0.34224269173533756,0.6137128319405496
151,3444.834049035272,158.80490250864636,6.110058228746343,86.958037809435,29.236523903476318,80.1354293659279,25.44789152244523,0.36430172075335016,-0.5920995048599543,0.500004551327069,741.6401542442895,66.23645051944185,0.10135140663883811,-0.07808122168101077,0.09663928560231698,0.36808287329985223,0.41374508278972943
